<?xml version="1.0" encoding="UTF-8"?>
<odoo>
    <data noupdate="0">
    <template id="student_inscription_form">
        <t t-call="website.layout">
            <div id="student_inscription_form">
                <section class="s_website_form" data-vcss="001" data-snippet="s_website_form">
                    <div class="container">
                        <form action="/student-register" id="studentinscription" method="post">
                            <div class="form-group col-12 s_website_form_field s_website_form_required">
                                <div class="row s_col_no_resize s_col_no_bgcolor">
                                    <label class="col-form-label col-sm-auto s_website_form_label" style="width: 200px">
                                        <span class="s_website_form_label_content">Student: </span>
                                        <span class="s_website_form_mark" id="student" t-esc="student['name']"></span>
                                	</label>
                                </div>
                                <div class="row s_col_no_resize s_col_no_bgcolor">
                                    <label class="col-form-label col-sm-auto s_website_form_label" style="width: 200px">
                                        <span class="s_website_form_label_content">PNF: </span>
                                        <span class="s_website_form_mark" id="pnf" t-esc="student['pnf']"></span>
                                	</label>
                                </div>
                                <div class="row s_col_no_resize s_col_no_bgcolor">
                                    <label class="col-form-label col-sm-auto s_website_form_label" style="width: 200px">
                                        <span class="s_website_form_label_content">Academic Year:</span>
                                        <span class="s_website_form_mark" id="academicyear" t-esc="academic_year['name']"></span>
                                	</label>
                                </div>
                                <div class="row s_col_no_resize s_col_no_bgcolor">
                                    <label class="col-form-label col-sm-auto s_website_form_label" style="width: 200px">
                                        <span class="s_website_form_label_content">Academic Term:</span>
                                        <span class="s_website_form_mark" id="academicyear" t-esc="academic_term['name']"></span>
                                	</label>    
                                </div>
                                <div class="row s_col_no_resize s_col_no_bgcolor">
                                    <label class="col-form-label col-sm-auto s_website_form_label" style="width: 200px">
                                        <span class="s_website_form_label_content">journey:</span>
                                        <span class="s_website_form_mark" id="pnf" t-esc="student['traject']"></span>
                                	</label>
                                </div>
                                <button class="btn btn-primary ml-4" id="enroll" t-name="enroll" on_click="my_js_function">Enroll</button>
                            </div>
                            <table class="table table-bordered" id="courses">
                                <thead>
                                    <tr>
                                        <th>Courses</th>
                                        <th>Academic uc</th>
                                        <th>Sessions</th>
                                        <th>Profesor</th>
                                        <th>Headcuarters</th>
                                        <th>Start Time</th>
                                        <th>End Time</th>
                                        <th>Classroom</th>
                                        <th>Day</th>
                                    </tr>
                                </thead>
                                <tbody>
                                    <t t-foreach="sessions" t-as="session_subject">
                                        <tr>
                                            <td>
                                                <span name="subject_name" t-esc="session_subject['name']" readonly="1" class="border-0"></span>
                                            </td>
                                            <td>
                                                <span name="subject_academic_uc" t-esc="session_subject['uc']" readonly="1" class="border-0"></span>
                                            </td>
                                            <td>
                                                <select name="session" t-attf-class="form-control s_website_form_input" id="session_id">
                                                    <option value="">Session...</option>
                                                        <t t-foreach="session_subject['values']" t-as="session">
                                                            <option t-att-value="session['id']">
                                                                <t t-esc="session['name']"/>
                                                            </option>
                                                        </t>
                                                </select>
                                            </td>
                                            <td name="session_profesor">
                                                <span></span>
                                            </td>
                                            <td name="session_headcuarters">
                                                <span></span>
                                            </td>
                                            <td name="session_start_time">
                                                <span></span>
                                            </td>
                                            <td name="session_end_time">
                                                <span></span>
                                            </td>
                                            <td name="session_classroom">
                                                <span></span>
                                            </td>
                                            <td name="session_day">
                                                <span></span>
                                            </td>
                                        </tr>
                                    </t>
                                </tbody>
                            </table>
                        </form>
                    </div>
                </section>
            </div>
        </t>
    </template>
    </data>
</odoo>
